[
    {
        "model": "auth.user",
        "pk": 1,
        "fields": {
            "email": "john.doe@example.com",
            "first_name": "John",
            "last_name": "Doe",
            "password": "password123",
            "bio": "John is a software developer with a passion for open-source projects."
        }
    },
    {
        "model": "auth.user",
        "pk": 2,
        "fields": {
            "email": "jane.smith@example.com",
            "first_name": "Jane",
            "last_name": "Smith",
            "password": "password456",
            "bio": "Jane loves photography and exploring the great outdoors."
        }
    },
    {
        "model": "auth.user",
        "pk": 3,
        "fields": {
            "email": "bob.jones@example.com",
            "first_name": "Bob",
            "last_name": "Jones",
            "password": "password789",
            "bio": "Bob is an avid reader and enjoys writing short stories in his spare time."
        }
    },
    {
        "model": "auth.user",
        "pk": 4,
        "fields": {
            "email": "alice.white@example.com",
            "first_name": "Alice",
            "last_name": "White",
            "password": "password101",
            "bio": "Alice is a graphic designer who loves creating art and illustrations."
        }
    },
    {
        "model": "auth.user",
        "pk": 5,
        "fields": {
            "email": "charlie.brown@example.com",
            "first_name": "Charlie",
            "last_name": "Brown",
            "password": "password202",
            "bio": "Charlie is a tech enthusiast who enjoys tinkering with gadgets and coding."
        }
    },
    {
        "model": "auth.user",
        "pk": 6,
        "fields": {
            "email": "david.green@example.com",
            "first_name": "David",
            "last_name": "Green",
            "password": "password303"
        }
    },
    {
        "model": "auth.user",
        "pk": 7,
        "fields": {
            "email": "emily.black@example.com",
            "first_name": "Emily",
            "last_name": "Black",
            "password": "password404"
        }
    },
    {
        "model": "auth.user",
        "pk": 8,
        "fields": {
            "email": "frank.moore@example.com",
            "first_name": "Frank",
            "last_name": "Moore",
            "password": "password505"
        }
    },
    {
        "model": "auth.user",
        "pk": 9,
        "fields": {
            "email": "grace.bell@example.com",
            "first_name": "Grace",
            "last_name": "Bell",
            "password": "password606"
        }
    },
    {
        "model": "auth.user",
        "pk": 10,
        "fields": {
            "email": "hank.wilson@example.com",
            "first_name": "Hank",
            "last_name": "Wilson",
            "password": "password707"
        }
    },
    {
        "model": "post.post",
        "pk": 1,
        "fields": {
            "user": 1,
            "content": "Ceci est un post de John.",
            "media_url": "https://www.powertrafic.fr/wp-content/uploads/2023/04/image-ia-exemple.png"
        }
    },
    {
        "model": "post.post",
        "pk": 2,
        "fields": {
            "user": 2,
            "content": "Voici un post de Jane.",
            "media_url": "https://img.freepik.com/photos-gratuite/design-colore-design-spirale_188544-9588.jpg"
        }
    },
    {
        "model": "post.post",
        "pk": 3,
        "fields": {
            "user": 3,
            "content": "Post de Bob.",
            "media_url": "https://img.freepik.com/photos-gratuite/design-colore-design-spirale_188544-9588.jpg"
        }
    },
    {
        "model": "post.post",
        "pk": 4,
        "fields": {
            "user": 4,
            "content": "Post d'Alice.",
            "media_url": "https://www.powertrafic.fr/wp-content/uploads/2023/04/image-ia-exemple.png"
        }
    },
    {
        "model": "post.post",
        "pk": 5,
        "fields": {
            "user": 5,
            "content": "Post de Charlie.",
            "media_url": "https://letsenhance.io/static/73136da51c245e80edc6ccfe44888a99/1015f/MainBefore.jpg"
        }
    },
    {
        "model": "post.post",
        "pk": 6,
        "fields": {
            "user": 6,
            "content": "Post de David.",
            "media_url": "https://img.freepik.com/photos-gratuite/design-colore-design-spirale_188544-9588.jpg"
        }
    },
    {
        "model": "post.post",
        "pk": 7,
        "fields": {
            "user": 7,
            "content": "Post d'Emily.",
            "media_url": "https://www.powertrafic.fr/wp-content/uploads/2023/04/image-ia-exemple.png"
        }
    },
    {
        "model": "post.post",
        "pk": 8,
        "fields": {
            "user": 8,
            "content": "Post de Frank.",
            "media_url": "https://letsenhance.io/static/73136da51c245e80edc6ccfe44888a99/1015f/MainBefore.jpg"
        }
    },
    {
        "model": "post.post",
        "pk": 9,
        "fields": {
            "user": 9,
            "content": "Post de Grace.",
            "media_url": "https://img.freepik.com/photos-gratuite/design-colore-design-spirale_188544-9588.jpg"
        }
    },
    {
        "model": "post.post",
        "pk": 10,
        "fields": {
            "user": 10,
            "content": "Post de Hank.",
            "media_url": "https://www.powertrafic.fr/wp-content/uploads/2023/04/image-ia-exemple.png"
        }
    },
    {
        "model": "friendship.friendship",
        "pk": 1,
        "fields": {
            "user1": 1,
            "user2": 2,
            "status": "accepted"
        }
    },
    {
        "model": "friendship.friendship",
        "pk": 2,
        "fields": {
            "user1": 2,
            "user2": 3,
            "status": "pending"
        }
    },
    {
        "model": "friendship.friendship",
        "pk": 3,
        "fields": {
            "user1": 3,
            "user2": 4,
            "status": "rejected"
        }
    },
    {
        "model": "friendship.friendship",
        "pk": 4,
        "fields": {
            "user1": 4,
            "user2": 5,
            "status": "accepted"
        }
    },
    {
        "model": "friendship.friendship",
        "pk": 5,
        "fields": {
            "user1": 5,
            "user2": 6,
            "status": "pending"
        }
    },
    {
        "model": "friendship.friendship",
        "pk": 6,
        "fields": {
            "user1": 6,
            "user2": 7,
            "status": "accepted"
        }
    },
    {
        "model": "friendship.friendship",
        "pk": 7,
        "fields": {
            "user1": 7,
            "user2": 8,
            "status": "rejected"
        }
    },
    {
        "model": "friendship.friendship",
        "pk": 8,
        "fields": {
            "user1": 8,
            "user2": 9,
            "status": "pending"
        }
    },
    {
        "model": "friendship.friendship",
        "pk": 9,
        "fields": {
            "user1": 9,
            "user2": 10,
            "status": "accepted"
        }
    },
    {
        "model": "friendship.friendship",
        "pk": 10,
        "fields": {
            "user1": 10,
            "user2": 1,
            "status": "rejected"
        }
    },
    {
        "model": "friendship.friendship",
        "pk": 11,
        "fields": {
            "user1": 1,
            "user2": 3,
            "status": "pending"
        }
    },
    {
        "model": "friendship.friendship",
        "pk": 12,
        "fields": {
            "user1": 1,
            "user2": 4,
            "status": "pending"
        }
    },
    {
        "model": "friendship.friendship",
        "pk": 13,
        "fields": {
            "user1": 2,
            "user2": 5,
            "status": "pending"
        }
    },
    {
        "model": "friendship.friendship",
        "pk": 14,
        "fields": {
            "user1": 2,
            "user2": 6,
            "status": "pending"
        }
    },
    {
        "model": "friendship.friendship",
        "pk": 15,
        "fields": {
            "user1": 3,
            "user2": 7,
            "status": "pending"
        }
    },
    {
        "model": "friendship.friendship",
        "pk": 16,
        "fields": {
            "user1": 3,
            "user2": 8,
            "status": "pending"
        }
    },
    {
        "model": "friendship.friendship",
        "pk": 17,
        "fields": {
            "user1": 4,
            "user2": 9,
            "status": "pending"
        }
    },
    {
        "model": "friendship.friendship",
        "pk": 18,
        "fields": {
            "user1": 4,
            "user2": 10,
            "status": "pending"
        }
    },
    {
        "model": "friendship.friendship",
        "pk": 19,
        "fields": {
            "user1": 5,
            "user2": 1,
            "status": "pending"
        }
    },
    {
        "model": "friendship.friendship",
        "pk": 20,
        "fields": {
            "user1": 5,
            "user2": 2,
            "status": "pending"
        }
    },
    {
        "model": "friendship.friendship",
        "pk": 21,
        "fields": {
            "user1": 6,
            "user2": 3,
            "status": "pending"
        }
    },
    {
        "model": "friendship.friendship",
        "pk": 22,
        "fields": {
            "user1": 6,
            "user2": 4,
            "status": "pending"
        }
    },
    {
        "model": "friendship.friendship",
        "pk": 23,
        "fields": {
            "user1": 7,
            "user2": 5,
            "status": "pending"
        }
    },
    {
        "model": "friendship.friendship",
        "pk": 24,
        "fields": {
            "user1": 7,
            "user2": 6,
            "status": "pending"
        }
    },
    {
        "model": "friendship.friendship",
        "pk": 25,
        "fields": {
            "user1": 8,
            "user2": 7,
            "status": "pending"
        }
    },
    {
        "model": "friendship.friendship",
        "pk": 26,
        "fields": {
            "user1": 8,
            "user2": 9,
            "status": "pending"
        }
    },
    {
        "model": "friendship.friendship",
        "pk": 27,
        "fields": {
            "user1": 9,
            "user2": 1,
            "status": "pending"
        }
    },
    {
        "model": "friendship.friendship",
        "pk": 28,
        "fields": {
            "user1": 9,
            "user2": 2,
            "status": "pending"
        }
    },
    {
        "model": "friendship.friendship",
        "pk": 29,
        "fields": {
            "user1": 10,
            "user2": 3,
            "status": "pending"
        }
    },
    {
        "model": "friendship.friendship",
        "pk": 30,
        "fields": {
            "user1": 10,
            "user2": 4,
            "status": "pending"
        }
    },    
    {
        "model": "comment.comment",
        "pk": 1,
        "fields": {
            "user": 1,
            "post": 1,
            "content": "Commentaire sur le post de John."
        }
    },
    {
        "model": "comment.comment",
        "pk": 2,
        "fields": {
            "user": 2,
            "post": 1,
            "content": "Commentaire sur le post de John."
        }
    },
    {
        "model": "comment.comment",
        "pk": 3,
        "fields": {
            "user": 3,
            "post": 2,
            "content": "Commentaire sur le post de Jane."
        }
    },
    {
        "model": "comment.comment",
        "pk": 4,
        "fields": {
            "user": 4,
            "post": 3,
            "content": "Commentaire sur le post de Bob."
        }
    },
    {
        "model": "comment.comment",
        "pk": 5,
        "fields": {
            "user": 5,
            "post": 4,
            "content": "Commentaire sur le post d'Alice."
        }
    },
    {
        "model": "comment.comment",
        "pk": 6,
        "fields": {
            "user": 6,
            "post": 5,
            "content": "Commentaire sur le post de Charlie."
        }
    },
    {
        "model": "comment.comment",
        "pk": 7,
        "fields": {
            "user": 7,
            "post": 6,
            "content": "Commentaire sur le post de David."
        }
    },
    {
        "model": "comment.comment",
        "pk": 8,
        "fields": {
            "user": 8,
            "post": 7,
            "content": "Commentaire sur le post d'Emily."
        }
    },
    {
        "model": "comment.comment",
        "pk": 9,
        "fields": {
            "user": 9,
            "post": 8,
            "content": "Commentaire sur le post de Frank."
        }
    },
    {
        "model": "comment.comment",
        "pk": 10,
        "fields": {
            "user": 10,
            "post": 9,
            "content": "Commentaire sur le post de Grace."
        }
    },
    {
        "model": "reaction.reaction",
        "pk": 1,
        "fields": {
            "user": 1,
            "post": 1,
            "type": "like"
        }
    },
    {
        "model": "reaction.reaction",
        "pk": 2,
        "fields": {
            "user": 2,
            "post": 1,
            "type": "love"
        }
    },
    {
        "model": "reaction.reaction",
        "pk": 3,
        "fields": {
            "user": 3,
            "post": 1,
            "type": "haha"
        }
    },
    {
        "model": "reaction.reaction",
        "pk": 4,
        "fields": {
            "user": 4,
            "post": 2,
            "type": "wow"
        }
    },
    {
        "model": "reaction.reaction",
        "pk": 5,
        "fields": {
            "user": 5,
            "post": 2,
            "type": "sad"
        }
    },
    {
        "model": "reaction.reaction",
        "pk": 6,
        "fields": {
            "user": 6,
            "post": 3,
            "type": "angry"
        }
    },
    {
        "model": "reaction.reaction",
        "pk": 7,
        "fields": {
            "user": 7,
            "post": 3,
            "type": "like"
        }
    },
    {
        "model": "reaction.reaction",
        "pk": 8,
        "fields": {
            "user": 8,
            "post": 4,
            "type": "love"
        }
    },
    {
        "model": "reaction.reaction",
        "pk": 9,
        "fields": {
            "user": 9,
            "post": 4,
            "type": "haha"
        }
    },
    {
        "model": "reaction.reaction",
        "pk": 10,
        "fields": {
            "user": 10,
            "post": 5,
            "type": "wow"
        }
    },
    {
        "model": "reaction.reaction",
        "pk": 11,
        "fields": {
            "user": 1,
            "post": 5,
            "type": "sad"
        }
    },
    {
        "model": "reaction.reaction",
        "pk": 12,
        "fields": {
            "user": 2,
            "post": 6,
            "type": "angry"
        }
    },
    {
        "model": "reaction.reaction",
        "pk": 13,
        "fields": {
            "user": 3,
            "post": 6,
            "type": "like"
        }
    },
    {
        "model": "reaction.reaction",
        "pk": 14,
        "fields": {
            "user": 4,
            "post": 7,
            "type": "love"
        }
    },
    {
        "model": "reaction.reaction",
        "pk": 15,
        "fields": {
            "user": 5,
            "post": 7,
            "type": "haha"
        }
    },
    {
        "model": "reaction.reaction",
        "pk": 16,
        "fields": {
            "user": 6,
            "post": 8,
            "type": "wow"
        }
    },
    {
        "model": "reaction.reaction",
        "pk": 17,
        "fields": {
            "user": 7,
            "post": 8,
            "type": "sad"
        }
    },
    {
        "model": "reaction.reaction",
        "pk": 18,
        "fields": {
            "user": 8,
            "post": 9,
            "type": "angry"
        }
    },
    {
        "model": "reaction.reaction",
        "pk": 19,
        "fields": {
            "user": 9,
            "post": 9,
            "type": "like"
        }
    },
    {
        "model": "reaction.reaction",
        "pk": 20,
        "fields": {
            "user": 10,
            "post": 10,
            "type": "love"
        }
    },
    {
        "model": "reaction.reaction",
        "pk": 21,
        "fields": {
            "user": 1,
            "post": 10,
            "type": "haha"
        }
    },
    {
        "model": "reaction.reaction",
        "pk": 22,
        "fields": {
            "user": 2,
            "post": 1,
            "type": "wow"
        }
    },
    {
        "model": "reaction.reaction",
        "pk": 23,
        "fields": {
            "user": 3,
            "post": 2,
            "type": "sad"
        }
    },
    {
        "model": "reaction.reaction",
        "pk": 24,
        "fields": {
            "user": 4,
            "post": 3,
            "type": "angry"
        }
    },
    {
        "model": "reaction.reaction",
        "pk": 25,
        "fields": {
            "user": 5,
            "post": 4,
            "type": "like"
        }
    },
    {
        "model": "reaction.reaction",
        "pk": 26,
        "fields": {
            "user": 6,
            "post": 5,
            "type": "love"
        }
    },
    {
        "model": "reaction.reaction",
        "pk": 27,
        "fields": {
            "user": 7,
            "post": 6,
            "type": "wow"
        }
    },
    {
        "model": "reaction.reaction",
        "pk": 28,
        "fields": {
            "user": 8,
            "post": 7,
            "type": "sad"
        }
    },
    {
        "model": "reaction.reaction",
        "pk": 29,
        "fields": {
            "user": 9,
            "post": 8,
            "type": "angry"
        }
    },
    {
        "model": "reaction.reaction",
        "pk": 30,
        "fields": {
            "user": 10,
            "post": 9,
            "type": "like"
        }
    },
    {
        "model": "share.share",
        "pk": 1,
        "fields": {
            "user": 1,
            "post": 1
        }
    },
    {
        "model": "share.share",
        "pk": 2,
        "fields": {
            "user": 2,
            "post": 2
        }
    },
    {
        "model": "share.share",
        "pk": 3,
        "fields": {
            "user": 3,
            "post": 3
        }
    },
    {
        "model": "share.share",
        "pk": 4,
        "fields": {
            "user": 4,
            "post": 4
        }
    },
    {
        "model": "share.share",
        "pk": 5,
        "fields": {
            "user": 5,
            "post": 5
        }
    },
    {
        "model": "share.share",
        "pk": 6,
        "fields": {
            "user": 6,
            "post": 6
        }
    },
    {
        "model": "share.share",
        "pk": 7,
        "fields": {
            "user": 7,
            "post": 7
        }
    },
    {
        "model": "share.share",
        "pk": 8,
        "fields": {
            "user": 8,
            "post": 8
        }
    },
    {
        "model": "share.share",
        "pk": 9,
        "fields": {
            "user": 9,
            "post": 9
        }
    },
    {
        "model": "share.share",
        "pk": 10,
        "fields": {
            "user": 10,
            "post": 10
        }
    },
    {
        "model": "share.share",
        "pk": 11,
        "fields": {
            "user": 1,
            "post": 2
        }
    },
    {
        "model": "share.share",
        "pk": 12,
        "fields": {
            "user": 2,
            "post": 3
        }
    },
    {
        "model": "share.share",
        "pk": 13,
        "fields": {
            "user": 3,
            "post": 4
        }
    },
    {
        "model": "share.share",
        "pk": 14,
        "fields": {
            "user": 4,
            "post": 5
        }
    },
    {
        "model": "share.share",
        "pk": 15,
        "fields": {
            "user": 5,
            "post": 6
        }
    },
    {
        "model": "share.share",
        "pk": 16,
        "fields": {
            "user": 6,
            "post": 7
        }
    },
    {
        "model": "share.share",
        "pk": 17,
        "fields": {
            "user": 7,
            "post": 8
        }
    },
    {
        "model": "share.share",
        "pk": 18,
        "fields": {
            "user": 8,
            "post": 9
        }
    },
    {
        "model": "share.share",
        "pk": 19,
        "fields": {
            "user": 9,
            "post": 10
        }
    },
    {
        "model": "share.share",
        "pk": 20,
        "fields": {
            "user": 10,
            "post": 1
        }
    },{
        "model": "story.story",
        "pk": 1,
        "fields": {
            "user": 1,
            "media_url": "https://img.freepik.com/photos-gratuite/design-colore-design-spirale_188544-9588.jpg",
            "expiration_date": "2024-11-22T12:00:00Z"
        }
    },
    {
        "model": "story.story",
        "pk": 2,
        "fields": {
            "user": 2,
            "media_url": "https://img.freepik.com/photos-gratuite/design-colore-design-spirale_188544-9588.jpg",
            "expiration_date": "2024-11-23T12:00:00Z"
        }
    },
    {
        "model": "story.story",
        "pk": 3,
        "fields": {
            "user": 3,
            "media_url": "https://letsenhance.io/static/73136da51c245e80edc6ccfe44888a99/1015f/MainBefore.jpg",
            "expiration_date": "2024-11-24T12:00:00Z"
        }
    },
    {
        "model": "story.story",
        "pk": 4,
        "fields": {
            "user": 4,
            "media_url": "https://www.powertrafic.fr/wp-content/uploads/2023/04/image-ia-exemple.png",
            "expiration_date": "2024-11-25T12:00:00Z"
        }
    },
    {
        "model": "story.story",
        "pk": 5,
        "fields": {
            "user": 5,
            "media_url": "https://www.powertrafic.fr/wp-content/uploads/2023/04/image-ia-exemple.png",
            "expiration_date": "2024-11-26T12:00:00Z"
        }
    },
    {
        "model": "story.story",
        "pk": 6,
        "fields": {
            "user": 6,
            "media_url": "https://img.freepik.com/photos-gratuite/design-colore-design-spirale_188544-9588.jpg",
            "expiration_date": "2024-11-27T12:00:00Z"
        }
    },
    {
        "model": "story.story",
        "pk": 7,
        "fields": {
            "user": 7,
            "media_url": "https://letsenhance.io/static/73136da51c245e80edc6ccfe44888a99/1015f/MainBefore.jpg",
            "expiration_date": "2024-11-28T12:00:00Z"
        }
    },
    {
        "model": "story.story",
        "pk": 8,
        "fields": {
            "user": 8,
            "media_url": "https://letsenhance.io/static/73136da51c245e80edc6ccfe44888a99/1015f/MainBefore.jpg",
            "expiration_date": "2024-11-29T12:00:00Z"
        }
    },
    {
        "model": "story.story",
        "pk": 9,
        "fields": {
            "user": 9,
            "media_url": "https://img.freepik.com/photos-gratuite/design-colore-design-spirale_188544-9588.jpg",
            "expiration_date": "2024-11-30T12:00:00Z"
        }
    },
    {
        "model": "story.story",
        "pk": 10,
        "fields": {
            "user": 10,
            "media_url": "https://img.freepik.com/photos-gratuite/design-colore-design-spirale_188544-9588.jpg",
            "expiration_date": "2024-12-01T12:00:00Z"
        }
    },
    {
        "model": "story.story",
        "pk": 11,
        "fields": {
            "user": 1,
            "media_url": "https://letsenhance.io/static/73136da51c245e80edc6ccfe44888a99/1015f/MainBefore.jpg",
            "expiration_date": "2024-11-23T12:00:00Z"
        }
    },
    {
        "model": "story.story",
        "pk": 12,
        "fields": {
            "user": 2,
            "media_url": "https://letsenhance.io/static/73136da51c245e80edc6ccfe44888a99/1015f/MainBefore.jpg",
            "expiration_date": "2024-11-24T12:00:00Z"
        }
    },
    {
        "model": "story.story",
        "pk": 13,
        "fields": {
            "user": 3,
            "media_url": "https://www.powertrafic.fr/wp-content/uploads/2023/04/image-ia-exemple.png",
            "expiration_date": "2024-11-25T12:00:00Z"
        }
    },
    {
        "model": "story.story",
        "pk": 14,
        "fields": {
            "user": 4,
            "media_url": "https://www.powertrafic.fr/wp-content/uploads/2023/04/image-ia-exemple.png",
            "expiration_date": "2024-11-26T12:00:00Z"
        }
    },
    {
        "model": "story.story",
        "pk": 15,
        "fields": {
            "user": 5,
            "media_url": "https://img.freepik.com/photos-gratuite/design-colore-design-spirale_188544-9588.jpg",
            "expiration_date": "2024-11-27T12:00:00Z"
        }
    },
    {
        "model": "story.story",
        "pk": 16,
        "fields": {
            "user": 6,
            "media_url": "https://letsenhance.io/static/73136da51c245e80edc6ccfe44888a99/1015f/MainBefore.jpg",
            "expiration_date": "2024-11-28T12:00:00Z"
        }
    },
    {
        "model": "story.story",
        "pk": 17,
        "fields": {
            "user": 7,
            "media_url": "https://www.powertrafic.fr/wp-content/uploads/2023/04/image-ia-exemple.png",
            "expiration_date": "2024-11-29T12:00:00Z"
        }
    },
    {
        "model": "story.story",
        "pk": 18,
        "fields": {
            "user": 8,
            "media_url": "https://img.freepik.com/photos-gratuite/design-colore-design-spirale_188544-9588.jpg",
            "expiration_date": "2024-11-30T12:00:00Z"
        }
    },
    {
        "model": "story.story",
        "pk": 19,
        "fields": {
            "user": 9,
            "media_url": "https://letsenhance.io/static/73136da51c245e80edc6ccfe44888a99/1015f/MainBefore.jpg",
            "expiration_date": "2024-12-01T12:00:00Z"
        }
    },
    {
        "model": "story.story",
        "pk": 20,
        "fields": {
            "user": 10,
            "media_url": "https://img.freepik.com/photos-gratuite/design-colore-design-spirale_188544-9588.jpg",
            "expiration_date": "2024-12-02T12:00:00Z"
        }
    }    
]
